Industry,Weight
AUTOMOBILE,0.21808332935617808
ENERGY,0.362306692704523
FINANCIAL SERVICES,0.2863432444041426
METALS,0.1332744714360712
