Industry,Weight
AUTOMOBILE,0.39569867599232533
CONSUMER GOODS,0.17504660561444577
FINANCIAL SERVICES,0.37715848630407284
SERVICES,0.052096232089156196
