Industry,Weight
AUTOMOBILE,0.3998461730345487
CONSUMER GOODS,0.1750024251999058
FINANCIAL SERVICES,0.3730719660749179
SERVICES,0.052079435690627646
