Industry,Weight
AUTOMOBILE,0.5990666855369211
CONSUMER GOODS,0.0784001326858741
ENERGY,0.008077619594781609
FINANCIAL SERVICES,0.24957645991250305
IT,0.052756236549740466
TELECOM,0.012125526043032502
