Industry,Weight
AUTOMOBILE,0.6228247131755124
CONSUMER GOODS,0.058673867976255734
ENERGY,0.007819631043272159
FINANCIAL SERVICES,0.24479072222692344
IT,0.051369462812748075
TELECOM,0.014525113633571032
