Industry,Weight
CONSUMER GOODS,0.5821077876827006
FINANCIAL SERVICES,0.2446490791438526
SERVICES,0.17324313317344672
