Industry,Weight
CONSUMER GOODS,0.5819354838709679
FINANCIAL SERVICES,0.2448847926267281
SERVICES,0.17317972350230412
